gen,Dishwasher,Furnace,Home office,test,Fridge,high_consum
0.205133336,0.005233765,16.21315,2.56995,1,7.272116665,1
0.205133336,0.005233765,16.21315,2.56995,1,14.19763333,1
0.205133336,0.005233765,16.21315,2.56995,1,8.948349999,1
